{
  "libARDataTransfer": 65.8531141281128, 
  "ARSDK3": 2.0296168327331543, 
  "libARStream": 17.014512062072754, 
  "ulog": 3.1238389015197754, 
  "libARCommands": 33.67052602767944, 
  "mavlink.git": 24.535856008529663, 
  "Alchemy": 18.365660905838013, 
  "Samples": 16.750877141952515, 
  "libpuf": 5.454419136047363, 
  "ARSDKTools": 13.778966188430786, 
  "libsdp": 3.866708993911743, 
  "libmux": 3.3854808807373047, 
  "arsdk_products": 1.9308102130889893, 
  "libARSAL": 5.516143798828125, 
  "libARNetwork": 14.307857036590576, 
  "dragon_build": 1.473686933517456, 
  "libARDiscovery": 15.198248863220215, 
  "libARUtils": 14.30638599395752, 
  "apps_tools": 7.009667158126831, 
  "libARMavlink": 5.13279914855957, 
  "libfutils": 10.281820058822632, 
  "libpomp": 6.204115152359009, 
  "libARNetworkAL": 3.349961996078491, 
  "libARUpdater": 33.66568899154663, 
  "libARController": 9.438458919525146, 
  "libARMedia": 51.89925408363342, 
  "libtar": 13.44684386253357, 
  "libARStream2": 11.988624095916748, 
  "ARSDKBuildUtils": 2.002277135848999, 
  "arsdk-xml": 10.318790912628174, 
  "librtsp": 2.444895029067993
}